sigma_tp,diameter,epoch_mjd,ad,producer,rms,H_sigma,closeness,K2,K1,M1,two_body,full_name,M2,sigma_per,equinox,DT,diameter_sigma,saved,albedo,moid_ld,pha,neo,sigma_ad,PC,profit,spkid,sigma_w,sigma_i,per,id,A1,data_arc,A3,score,per_y,sigma_n,epoch_cal,orbit_id,sigma_a,sigma_om,A2,sigma_e,condition_code,rot_per,prov_des,G,last_obs,H,price,IR,spec_T,epoch,n_obs_used,moid,extent,spec_B,e,GM,tp_cal,pdes,class,UB,a,t_jup,om,ma,name,i,tp,prefix,BV,spec,q,w,moid_jup,n,sigma_ma,first_obs,n_del_obs_used,sigma_q,n_dop_obs_used,est_diameter
1.327e-08,939.4,58600.0,2.979646696468275,Davide Farnocchia,0.36954,,2640.0802241862843,,,,,1 Ceres,,2.3543e-08,J2000,,0.2,-6778017204000.001,0.09,620.6405326,N,N,2.7786e-11,,522924215944.27673,2000001.0,1.1463e-08,1.9267e-09,1683.145700575484,a0000001,,24437.0,,132.02401120931424,4.6082017811786,2.9918e-12,20190427.0,34.0,2.5823e-11,1.1722e-08,,1.172e-11,0.0,9.07417,,0.12,2017-03-05,3.34,8123022111651.299,,G,2458600.5,5993.0,1.59478,964.4 x 964.2 x 891.8,C,0.07600902762923671,62.873006000000004,20180430.2541287,1.0,MBA,0.426,2.769165146349478,3.309,80.30553084093981,77.37209773768207,Ceres,10.59406732590292,2458238.7541287453,,0.713,C,2.558683596230681,73.59769486239257,2.09753,0.2138852268564227,3.8719e-09,1950-04-09,405.0,5.6278e-11,0.0,
4.2568e-05,545.0,58600.0,3.411066885554264,Otto Matic,0.35911,,2641.8234972235623,,,,,2 Pallas,,3.7748e-06,J2000,,18.0,-1050220927058.8237,0.101,479.9400108,N,N,5.0909e-09,,114544028871.98692,2000002.0,9.5186e-06,3.7128e-06,1686.155999342055,a0000002,,71865.0,,132.1111748611781,4.61644353002616,4.7797e-10,20190427.0,34.0,4.1378e-09,6.4634e-06,,3.3707e-08,0.0,7.8132,,0.11,2018-02-10,4.13,1778134717223.647,,B,2458600.5,8441.0,1.23324,582x556x500,B,0.2303368122519394,13.80133411764706,20180721.3832004,2.0,MBA,0.284,2.772465922815752,3.043,173.0800618276949,59.69913098405375,Pallas,34.83623460557907,2458320.883200377,,0.635,B,2.13386496007724,310.0488584525203,1.85493,0.2135033769950547,9.1517e-06,1821-05-09,,9.3154e-08,,
3.8028e-05,246.596,58600.0,3.354966971211181,Otto Matic,0.31378,,2644.5207185757786,,,,,3 Juno,,3.3732e-06,J2000,,10.594,-198520833333.33334,0.214,402.6119318,N,N,4.7367e-09,,1.7464376415226536e-45,2000003.0,1.9082e-05,3.5292e-06,1592.787284087904,a0000003,,72161.0,,5.416666666666668e-56,4.36081391947407,4.7866e-10,20190427.0,107.0,3.7685e-09,1.7902e-05,,3.2676e-08,0.0,7.21,,0.32,2017-11-26,5.33,2.7083333333333337e-44,,S,2458600.5,7010.0,1.03454,,Sk,0.2569423149737984,1.8072708333333334,20181123.4774274,3.0,MBA,0.433,2.669149515649107,3.298,169.8527548037533,34.92501898650092,Juno,12.98891943923851,2458445.9774273937,,0.824,Sk,1.983332060087033,248.1386297217077,2.18657,0.2260188812382131,8.6339e-06,1820-05-02,,8.7261e-08,,
4.1741e-06,525.4,58600.0,2.570926338111508,Davide Farnocchia,0.39592,,2649.7975580265224,,,,,4 Vesta,,1.2968e-06,J2000,,0.2,-1939090416666.6665,0.4228,443.4514316,N,N,1.6769e-09,,1.7092704138233867e-44,2000004.0,1.805e-07,2.2072e-07,1325.432764736216,a0000004,,24288.0,,5.2908333333333334e-55,3.62883713822373,2.6574e-10,20190427.0,34.0,1.5403e-09,3.9411e-07,,2.3717e-10,0.0,5.34212766,,0.32,2017-03-23,3.2,2.6454166666666668e-43,,V,2458600.5,9325.0,1.13948,572.6 x 557.2 x 446.4,V,0.08872145950956178,17.652865416666664,20180509.0595802,4.0,MBA,0.492,2.361417895877277,3.535,103.810804427096,95.86193620017683,Vesta,7.141770811873426,2458247.5595801924,,0.782,V,2.151909453643047,150.7285412870121,2.46988,0.2716094015313151,1.2275e-06,1950-09-23,2977.0,1.9617e-09,0.0,
3.8278e-05,106.699,58600.0,3.066173786932414,Otto Matic,0.49752,,2645.555146834909,,,,,5 Astraea,,4.0163e-06,J2000,,3.14,-21147050000.0,0.274,426.4875113,N,N,5.4419e-09,,1.8610868086289368e-46,2000005.0,3.066e-05,2.8131e-06,1508.60045807858,a0000005,,63097.0,,5.770000000000001e-57,4.13032295161829,6.353e-10,20190427.0,107.0,4.5689e-09,2.973e-05,,2.4345e-08,0.0,16.806,,,2018-09-16,6.85,2.8850000000000007e-45,,S,2458600.5,2695.0,1.09589,,S,0.191094522814835,0.19251605000000002,20200317.3284682,5.0,MBA,0.411,2.574248918285955,3.396,141.5765957220505,282.3662912620402,Astraea,5.366988177936237,2458925.8284682347,,0.826,S,2.082324049639495,358.6876128146665,1.9604,0.2386317716345598,9.054e-06,1845-12-15,,6.2247e-08,,
2.9502e-05,185.18,58600.0,2.917484701566579,Otto Matic,0.39825,,2649.328266764113,,,,,6 Hebe,,2.5935e-06,J2000,,2.9,-103792800000.00002,0.2679,379.03795905,N,N,3.6568e-09,,9.147512698112302e-46,2000006.0,1.3726e-05,2.2906e-06,1379.459705568168,a0000006,,61770.0,,2.8320000000000007e-56,3.77675484070683,4.9065e-10,20190427.0,85.0,3.0397e-09,1.1797e-05,,2.0567e-08,0.0,7.2745,,0.24,2017-10-19,5.71,1.4160000000000004e-44,,S,2458600.5,5986.0,0.973965,,S,0.2030071057382805,0.9448968000000001,20180531.7040009,6.0,MBA,0.399,2.425159990868159,3.439,138.6402040860603,86.19792168692148,Hebe,14.73790068157333,2458270.2040009145,,0.822,S,1.932835280169739,239.8074896057582,2.6358,0.2609717402740113,7.752e-06,1848-09-05,,5.0172e-08,,
2.5964e-05,199.83,58600.0,2.93683679854833,Otto Matic,0.36591,,2650.7674106458044,,,,,7 Iris,,1.8174e-06,J2000,,10.0,-102148785714.28572,0.2766,329.276737,N,N,2.6444e-09,,9.007512029904217e-46,2000007.0,2.7269e-05,2.613e-06,1345.619195824584,a0000007,,61942.0,,2.787142857142858e-56,3.6841045744684,3.6134e-10,20190427.0,108.0,2.1478e-09,2.6599e-05,,2.0047e-08,0.0,7.139,,,2018-03-27,5.51,1.393571428571429e-44,,S,2458600.5,5110.0,0.8461,,S,0.2312057882091302,0.9299302142857144,20171118.1350452,7.0,MBA,0.484,2.38533381395173,3.493,259.5632326380281,140.4196553603943,Iris,5.523651438133126,2458075.635045211,,0.855,S,1.833830829355129,145.265103459468,2.47021,0.2675348279194212,7.0694e-06,1848-08-23,1.0,4.7778e-08,0.0,
4.1361e-05,147.491,58600.0,2.546338634461572,Otto Matic,0.5264,,2654.741330194822,,,,,8 Flora,,1.9436e-06,J2000,,1.025,-56212955555.555565,0.226,340.20307392,N,N,2.7649e-09,,0.0,2000008.0,2.7387e-05,3.3461e-06,1193.313716470842,a0000008,,62300.0,,0.0,3.26711489793523,4.9135e-10,20190427.0,116.0,2.3907e-09,2.5032e-05,,2.4473e-08,0.0,12.865,,0.28,2018-05-23,6.49,0.0,,S,2458600.5,2670.0,0.874176,,,0.1564992504040566,0.5117449555555557,20201025.3236232,8.0,MBA,0.489,2.201764189273737,3.641,110.8893299358875,194.8828965630362,Flora,5.886954138633143,2459147.8236232093,,0.885,?,1.857189744085902,285.2874607293782,2.86902,0.3016809368995437,1.2334e-05,1847-10-27,,5.356e-08,,
4.0274e-05,190.0,58600.0,2.67934242213977,Otto Matic,0.42172,,2649.4181511047195,,,,,9 Metis,,2.9619e-06,J2000,,,-63926762500.00001,0.118,430.7761647,N,N,3.931e-09,,0.0,2000009.0,2.6887e-05,2.0461e-06,1345.875359602654,a0000009,,61768.0,,0.0,3.68480591266983,5.8866e-10,20190427.0,113.0,3.5001e-09,2.4973e-05,,1.8665e-08,0.0,5.079,,0.17,2018-09-11,6.28,0.0,,S,2458600.5,2632.0,1.10691,,,0.1231142653696762,0.5819690125,20200302.8163854,9.0,MBA,0.496,2.385636532946946,3.519,68.90858238730618,276.8616187640486,Metis,5.576815381196452,2458911.3163853963,,0.858,?,2.091930643754122,6.417370185027647,2.55446,0.2674839073554952,1.0712e-05,1849-07-31,,4.4744e-08,,
6.1608e-05,407.12,58600.0,3.494838741095881,Otto Matic,0.53109,,2633.2819699462457,,,,,10 Hygiea,,6.7616e-06,J2000,,6.8,-625982237000.0,0.0717,692.0960363,N,N,7.7459e-09,,48170187677.37012,2000010.0,3.0405e-05,2.1883e-06,2033.818283444788,a0000010,,61872.0,,131.6840984973123,5.56829098821297,5.8847e-10,20190427.0,90.0,6.9628e-09,2.8718e-05,,1.6377e-08,0.0,27.63,,,2018-10-19,5.43,750199859282.0249,,C,2458600.5,3341.0,1.77839,,C,0.1124606578329963,5.806622166666667,20161218.2324108,10.0,MBA,0.351,3.141539178476305,3.197,283.2021663567859,152.1848508422612,Hygiea,3.831560260844386,2457740.732410816,,0.696,C,2.788239615856729,312.315207696501,1.53558,0.1770069641572149,1.1128e-05,1849-05-26,,5.1029e-08,,
4.9975e-05,142.887,58600.0,2.699578830844098,Otto Matic,0.44295,,2647.516289279344,,,,,11 Parthenope,,2.3315e-06,J2000,,1.008,-41324911111.111115,0.191,464.3654274,N,N,2.99e-09,,3.63957429243679e-46,2000011.0,2.8815e-05,3.6601e-06,1403.375197164405,a0000011,,61272.0,,1.1275555555555557e-56,3.84223188819823,4.2618e-10,20190427.0,102.0,2.717e-09,2.558e-05,,3.2426e-08,0.0,13.7204,,,2018-06-20,6.55,5.637777777777779e-45,,S,2458600.5,5420.0,1.19322,,Sk,0.1004722627546813,0.3762089111111111,20200308.0296261,11.0,MBA,0.417,2.45310938059135,3.483,125.5465851222689,278.9306853688023,Parthenope,4.629886722119001,2458916.5296261236,,0.837,Sk,2.206639930338603,195.5503976663632,2.54671,0.2565244139467473,1.2788e-05,1850-09-17,,8.0157e-08,,
2.7407e-05,115.087,58600.0,2.848264899688034,Otto Matic,0.5201,,2651.9150475481197,,,,,12 Victoria,,2.3637e-06,J2000,,1.199,-15945660000.000002,0.163,321.04695901,N,N,3.4454e-09,,623297783.3016577,2000012.0,2.101e-05,2.5866e-06,1302.67969236049,a0000012,,61352.0,,132.615030377406,3.56654262111017,5.0144e-10,20190427.0,112.0,2.8237e-09,2.0106e-05,,2.5972e-08,0.0,8.6599,,0.22,2018-09-09,7.24,9639000000.000002,,S,2458600.5,2823.0,0.824953,,L,0.2201715667202758,0.18377442000000002,20171230.5167963,12.0,MBA,0.515,2.334315089265638,3.522,235.4101835262568,133.3358878139632,Victoria,8.37307433147402,2458118.0167963384,,0.874,L,1.820365278843242,69.64180604042276,2.43133,0.2763534290978856,7.7152e-06,1850-09-18,,6.0913e-08,,
9.9851e-05,222.792,58600.0,2.795252244086217,Otto Matic,0.55571,,2644.4310795854663,,,,,13 Egeria,,3.7686e-06,J2000,,7.87,-85597465725.0,0.07,558.9765461,N,N,4.6504e-09,,6614730010.766661,2000013.0,2.7576e-05,4.0952e-06,1510.123386058998,a0000013,,61297.0,,132.24155397927333,4.13449250118822,5.9491e-10,20190427.0,86.0,4.2856e-09,1.3182e-05,,3.3657e-08,0.0,7.045,,,2018-09-18,6.74,102583113299.73561,,G,2458600.5,2352.0,1.43633,,Ch,0.08512141377834759,0.7940035875,20210419.6490003,13.0,MBA,0.452,2.575981091694859,3.364,43.2219168881917,187.4885068952582,Egeria,16.53612293574766,2459324.149000282,,0.745,Ch,2.356709939303502,80.54483120895175,2.35787,0.2383911164633375,2.3776e-05,1850-11-21,,8.6503e-08,,
5.0169e-05,152.0,58600.0,3.016277078464746,Otto Matic,0.50866,,2644.9675993285446,,,,,14 Irene,,3.4926e-06,J2000,,,-28157671428.571434,0.159,459.0882822,N,N,4.6248e-09,,2.4775196804155605e-46,2000014.0,2.4254e-05,3.9e-06,1518.560846169753,a0000014,,61106.0,,7.682857142857145e-57,4.15759300799385,5.4523e-10,20190427.0,78.0,3.9644e-09,2.1206e-05,,3.1259e-08,0.0,15.028,,,2018-09-07,6.3,3.8414285714285724e-45,,S,2458600.5,2603.0,1.17966,,S,0.166582309499986,0.2563385285714286,20170531.2635316,14.0,MBA,0.388,2.585567305368762,3.385,86.12265722408361,164.9358530800368,Irene,9.12164463354672,2457904.7635316197,,0.833,S,2.154857532272778,97.8589955178267,2.00868,0.2370665626655814,1.1931e-05,1851-05-20,,8.1478e-08,,
3.3651e-05,231.689,58600.0,3.136126021496668,Otto Matic,0.54684,,2643.8914435843135,,,,,15 Eunomia,,3.2446e-06,J2000,,2.234,-216798846153.84613,0.248,464.9997745,N,N,4.3197e-09,,1.9067800775000548e-45,2000015.0,1.5702e-05,2.5431e-06,1570.418186940279,a0000015,,60950.0,,5.9153846153846165e-56,4.29957066924101,4.7363e-10,20190427.0,73.0,3.642e-09,1.4056e-05,,2.7175e-08,0.0,6.083,,0.23,2018-07-18,5.28,2.9576923076923083e-44,,S,2458600.5,2483.0,1.19485,,S,0.18608436148409,1.973668076923077,20200326.2037586,15.0,MBA,0.451,2.64410030461289,3.339,292.9343384257299,283.3876975527824,Eunomia,11.75242984775453,2458934.703758629,,0.839,S,2.152074587729113,98.49868110305854,2.41808,0.2292383028888663,7.6304e-06,1851-09-02,,7.1376e-08,,
8.7903e-05,226â€‰,58600.0,3.314342995363905,Ryan S. Park,0.32792,,2637.4303921594637,,,,,16 Psyche,,7.6705e-06,J2000,,23.0,395975200000.00006,0.1203,597.687286,N,N,9.2812e-09,,1779704237.5740838,2000016.0,7.2201e-05,3.9834e-06,1826.093333968033,a0000016,,12333.0,,131.8915196079732,4.99957107178106,8.2809e-10,20190427.0,88.0,8.1876e-09,7.037e-05,,3.1268e-08,0.0,4.196,,0.2,2018-03-29,5.9,27673419946.666664,,M,2458600.5,2246.0,1.5358,279 x 232 x 189,X,0.1335684622017801,1.8426377333333332,20200424.5149346,16.0,MBA,0.299,2.923813696198208,3.263,150.0456496278164,288.3358774669384,Psyche,3.096005212498105,2458964.014934562,,0.729,X,2.533284397032511,228.8230967648907,2.14428,0.1971421686413659,1.7229e-05,1984-06-22,,8.9722e-08,,253.1582980297543
3.9149e-05,84.899,58600.0,2.798989254806354,Otto Matic,0.51527,,2647.3598468655327,,,,,17 Thetis,,3.1478e-06,J2000,,2.027,-9565650000.0,0.193,439.6881577,N,N,4.1417e-09,,8.424177009328949e-47,2000017.0,2.8154e-05,2.9865e-06,1418.199188889292,a0000017,,60656.0,,2.6100000000000005e-57,3.88281776561066,5.6342e-10,20190427.0,105.0,3.6554e-09,2.6678e-05,,2.8055e-08,0.0,12.27048,,,2018-05-13,7.76,1.3050000000000003e-45,,S,2458600.5,3439.0,1.12981,,Sl,0.1330316129616815,0.08708265,20191206.1127926,17.0,MBA,0.438,2.470354068488832,3.466,125.5529504163442,303.3643694423456,Thetis,5.591204655582279,2458823.612792553,,0.829,Sl,2.141718882171311,136.2082543777479,2.27528,0.2538430446303848,9.8897e-06,1852-04-17,,6.9058e-08,,
3.5174e-05,139.594,58600.0,2.796576127700692,Otto Matic,0.41806,,2652.87680381258,,,,,18 Melpomene,,2.209e-06,J2000,,2.452,-25749242857.142857,0.181,316.49561586,N,N,3.2395e-09,,2.2723831778529485e-46,2000018.0,2.1958e-05,3.8354e-06,1271.281262922078,a0000018,,60670.0,,7.025714285714286e-57,3.4805784063575,4.9205e-10,20190427.0,106.0,2.6604e-09,2.0215e-05,,3.1806e-08,0.0,11.57,,0.25,2018-08-08,6.51,3.512857142857143e-45,,S,2458600.5,5053.0,0.813258,,S,0.2176743745990289,0.23441295714285715,20200319.5160266,18.0,MBA,0.425,2.296653511018973,3.542,150.3838568328796,267.2543794968664,Melpomene,10.12873159571224,2458928.016026566,,0.854,S,1.796730894337254,227.9508521986118,2.69306,0.2831788766968288,9.8739e-06,1852-06-29,,7.2763e-08,,
4.2735e-05,200.0,58600.0,2.828773432976866,Otto Matic,0.49579,,2648.309910997183,,,,,19 Fortuna,,2.8166e-06,J2000,,,-61659030533.33333,0.037,413.3491321,N,N,3.8092e-09,,4771824481.296136,2000019.0,0.00010667,2.6175e-06,1394.46133978736,a0000019,,60549.0,,132.43549554985916,3.81782707676211,5.2146e-10,20190427.0,126.0,3.2893e-09,0.00010624,,2.3462e-08,0.0,7.4432,,0.1,2018-06-25,7.13,73894422709.58998,,G,2458600.5,3096.0,1.06213,,Ch,0.1580468518313828,0.5719502444444444,20210116.0694343,19.0,MBA,0.324,2.442710697329152,3.483,211.1440430519207,197.3386268322628,Fortuna,1.573782302855905,2459230.569434331,,0.719,Ch,2.056647961681437,182.0650161450377,2.59551,0.2581642027127808,1.0862e-05,1852-09-14,,5.7585e-08,,
3.3629e-05,135.68,58600.0,2.752131494735019,Otto Matic,0.52248,,2648.9730501878216,,,,,20 Massalia,,3.0489e-06,J2000,,3.674,-39206337500.0,0.241,422.0976737,N,N,4.094e-09,,3.4548868932986464e-46,2000020.0,0.00019225,2.4466e-06,1366.359573092945,a0000020,,60021.0,,1.0697500000000003e-56,3.740888632698,5.8791e-10,20190427.0,103.0,3.5847e-09,0.00019206,,2.2196e-08,0.0,8.098,,0.25,2018-04-26,6.5,5.348750000000001e-45,,S,2458600.5,2407.0,1.08461,,S,0.1420666830983617,0.35692208750000004,20180204.294856,20.0,MBA,0.463,2.409781788983322,3.506,206.1088074291358,117.6951184917533,Massalia,0.7087510069467414,2458153.7948559513,,0.854,S,2.067432083231626,256.7733123775827,2.37907,0.2634738374065692,8.928e-06,1853-12-26,,5.3565e-08,,
6.1485e-05,95.76,58600.0,2.83272336045047,Otto Matic,0.37057,,2648.5654440853345,,,,,21 Lutetia,,3.896e-06,J2000,,4.1,24378000000.000004,0.2212,400.0317347,N,N,5.3014e-09,,110029115.67534557,2000021.0,6.5738e-05,3.8096e-06,1387.828062492286,a0000021,,55535.0,,132.43167960266672,3.79966615329852,7.282e-10,20190427.0,103.0,4.557e-09,6.4371e-05,,3.0313e-08,0.0,8.1655,,0.11,2018-04-24,7.35,1703699200.0,,M,2458600.5,4559.0,1.02791,,Xk,0.1633561017492255,0.113441,20190626.5498508,21.0,MBA,0.189,2.434958097689246,3.485,80.86580310843537,344.2934821177674,Lutetia,3.064054163192655,2458661.0498507805,,0.686,Xk,2.037192834928021,249.916931000493,2.50926,0.259398126993848,1.5922e-05,1866-04-06,,7.4355e-08,,
8.6301e-05,167.536,58600.0,3.199562423976596,Otto Matic,0.45122,,2637.2823155100186,,,,,22 Kalliope,,6.7873e-06,J2000,,3.053,112808000000.00002,0.166,639.4880357,N,N,7.9648e-09,,506985295.6231028,2000022.0,1.9569e-05,4.0906e-06,1817.7013762918,a0000022,,60026.0,,131.8798833445676,4.97659514385161,7.3953e-10,20190427.0,93.0,7.2561e-09,1.2151e-05,,3.8206e-08,0.0,4.1483,,0.21,2018-08-18,6.45,7883784533.333333,,M,2458600.5,2853.0,1.64321,,X,0.09767687508287445,0.5249426666666667,20210730.1786885,22.0,MBA,0.234,2.914849074993066,3.232,66.05276989131626,196.5714348128383,Kalliope,13.71531285364466,2459425.678688517,,0.715,X,2.630135726009536,356.082080322098,2.12719,0.1980523339507052,1.6844e-05,1854-04-14,,1.0898e-07,,
3.5959e-05,107.53,58600.0,3.242676804059507,Otto Matic,0.50248,,2645.076904776807,,,,,23 Thalia,,4.4298e-06,J2000,,2.2,-15173100000.000002,0.2536,407.2002461,N,N,6.1622e-09,,1.3350964572515826e-46,2000023.0,2.1896e-05,3.8713e-06,1554.039208086523,a0000023,,59171.0,,4.140000000000001e-57,4.25472746909383,6.6034e-10,20190427.0,89.0,4.9897e-09,2.0452e-05,,3.2701e-08,0.0,12.312,,,2018-10-21,6.95,2.0700000000000004e-45,,S,2458600.5,2115.0,1.04633,,S,0.2349839163593447,0.1381311,20190809.3788376,23.0,MBA,0.442,2.625683428832592,3.341,66.84680963489463,335.8201843787205,Thalia,10.11425822183378,2458704.8788375547,,0.859,S,2.008690053605677,60.63682457806228,1.92903,0.2316543869206912,8.3046e-06,1856-10-19,,8.7118e-08,,
8.5515e-05,198.0,58600.0,3.52738602735146,Otto Matic,0.52952,,2633.486321448437,,,,,24 Themis,,8.4361e-06,J2000,,,-31203449700.000008,0.067,684.2114521,N,N,9.7792e-09,,3392514128.974308,2000024.0,0.00024086,3.1663e-06,2028.607812666307,a0000024,,60441.0,,131.69431607242186,5.55402549669078,7.3799e-10,20190427.0,110.0,8.6946e-09,0.0002405,,2.8964e-08,0.0,8.374,,0.19,2018-10-20,7.08,52830729020.127495,,C,2458600.5,3309.0,1.75813,,B,0.1247427757121743,0.41005585,20190524.0064829,24.0,MBA,0.336,3.136171312696771,3.2,35.92588663097703,355.2073861836644,Themis,0.7515867111158935,2458627.506482864,,0.684,B,2.744956598042083,106.9571788219979,1.4874,0.1774616058127238,1.5164e-05,1853-04-27,,9.1863e-08,,
2.6244e-05,61.054,58600.0,3.011274804034857,Otto Matic,0.46346,,2650.790147835219,,,,,25 Phocaea,,3.1782e-06,J2000,,2.463,-4390670000000000.5,0.35,359.39654915,N,N,4.6977e-09,,3.871739815887682e-41,2000025.0,1.1181e-05,3.33e-06,1358.184816738985,a0000025,,57935.0,,1.1980000000000002e-51,3.7185073695797,6.2025e-10,20190427.0,93.0,3.7443e-09,8.4586e-06,,2.9464e-08,0.0,9.9341,,,2018-10-24,7.83,5.990000000000001e-40,,S,2458600.5,2864.0,0.923495,,S,0.254613898045645,0.03997127,20170713.8018605,25.0,MBA,0.513,2.400160566310976,3.389,214.1306085485684,172.8714143387332,Phocaea,21.60484110013702,2457948.301860547,,0.932,S,1.789046328587096,90.26321572157397,2.52686,0.2650596557723002,7.1733e-06,1860-03-11,,7.0096e-08,,
0.00012261,94.8,58600.0,2.893605184535973,Otto Matic,0.52805,,2642.6659789817754,,,,,26 Proserpina,,7.3487e-06,J2000,,1.7,-5482840000000000.0,0.1966,545.9549179,N,N,8.9748e-09,,4.820009188036193e-41,2000026.0,8.04e-05,3.4829e-06,1579.541417150724,a0000026,,57607.0,,1.4960000000000004e-51,4.32454871225386,1.0604e-09,20190427.0,114.0,8.2327e-09,7.5853e-05,,3.4759e-08,0.0,13.11,,,2018-10-22,7.4,7.480000000000003e-40,,S,2458600.5,2101.0,1.40287,,S,0.09014486420558818,0.04991404,20180118.1255138,26.0,MBA,0.525,2.654330887156547,3.38,45.7779967812011,105.7236063695161,Proserpina,3.563413748183849,2458136.6255138023,,0.891,S,2.415056589777122,193.4497837380755,2.10282,0.2279142516246206,2.806e-05,1861-01-31,,9.1971e-08,,
3.5513e-05,96.0,58600.0,2.753167316387347,Otto Matic,0.52835,,2650.954484255728,,,,,27 Euterpe,,2.5761e-06,J2000,,,-22708340000.0,0.215,372.36135853,N,N,3.601e-09,,2.0025698766351537e-46,2000027.0,0.00010023,3.0468e-06,1313.030784451841,a0000027,,60240.0,,6.196000000000002e-57,3.59488236674015,5.3791e-10,20190427.0,103.0,3.0693e-09,9.9886e-05,,2.9986e-08,0.0,10.4082,,,2018-10-16,7.0,3.098000000000001e-45,,S,2458600.5,2642.0,0.956809,,S,0.1732258344965839,0.20672954000000002,20190726.0299563,27.0,MBA,0.502,2.346664414842771,3.54,94.78792497226101,335.3160514961043,Euterpe,1.583713325284749,2458690.5299562984,,0.878,S,1.940161513298194,356.4499022580127,2.43402,0.2741748360075895,9.7172e-06,1853-11-10,,7.0161e-08,,
5.1265e-05,120.9,58600.0,3.197300972110088,Otto Matic,0.54288,,2640.6030926763146,,,,,28 Bellona,,5.2934e-06,J2000,,3.4,-19241250000.0,0.1763,533.4975862,N,N,6.6796e-09,,1.6901935102359034e-46,2000028.0,1.8954e-05,3.7606e-06,1689.167390654719,a0000028,,59188.0,,5.250000000000001e-57,4.6246882701019,6.6787e-10,20190427.0,100.0,5.799e-09,1.6416e-05,,3.2384e-08,0.0,15.706,,,2018-10-18,7.09,2.6250000000000006e-45,,S,2458600.5,2545.0,1.37086,,S,0.1518626029328426,0.17516625,20200606.1130595,28.0,MBA,0.469,2.775765932472504,3.299,144.2961654750961,273.4480678367942,Bellona,9.429549427013106,2459006.613059467,,0.845,S,2.354230892834921,344.1009095576795,1.85813,0.2131227502920622,1.081e-05,1856-09-29,,9.0375e-08,,
9.8615e-05,189.559,58600.0,2.739786226404876,Otto Matic,0.52878,,2644.8749325256995,,,,,29 Amphitrite,,3.8653e-06,J2000,,1.129,-93395476923.07693,0.216,539.817707,N,N,4.7354e-09,,8.217335228719887e-46,2000029.0,3.9903e-05,3.1187e-06,1490.935076546338,a0000029,,59585.0,,2.548307692307693e-56,4.08195777288525,6.26e-10,20190427.0,143.0,4.4144e-09,3.1822e-05,,3.1187e-08,0.0,5.3921,,0.2,2018-09-13,5.85,1.2741538461538465e-44,,S,2458600.5,2281.0,1.3871,,S,0.07269553868568869,0.8502428615384616,20200305.778414,29.0,MBA,0.449,2.554113564937332,3.427,356.3417299777814,284.2353132469576,Amphitrite,6.082522456884492,2458914.27841401,,0.838,S,2.368440903469788,63.36327805410182,2.47768,0.2414592061472713,2.3784e-05,1855-07-25,,7.9647e-08,,
5.5552e-05,92.787,58600.0,2.667374153404285,Otto Matic,0.46376,,2649.9810426581007,,,,,30 Urania,,3.0615e-06,J2000,,2.04,-16507160000.000002,0.192,416.762153,N,N,4.0966e-09,,1.4551747415626192e-46,2000030.0,8.9027e-05,3.3851e-06,1328.931881601051,a0000030,,57910.0,,4.504000000000001e-57,3.63841719808638,6.2407e-10,20190427.0,105.0,3.6331e-09,8.7781e-05,,2.8832e-08,0.0,13.686,,,2018-09-11,7.57,2.2520000000000006e-45,,S,2458600.5,3168.0,1.0709,,Sl,0.1275809833060483,0.15027596000000001,20190109.5855656,30.0,MBA,0.459,2.365572134414319,3.536,307.4685508524195,29.09795220504889,Urania,2.095745378560868,2458493.085565626,,0.873,Sl,2.063770115424353,87.42625293531329,2.73561,0.2708942459611132,1.5072e-05,1860-02-22,,6.7667e-08,,
5.4521e-05,267.08,58600.0,3.852295068977451,Otto Matic,0.5147,,2634.454982775924,,,,,31 Euphrosyne,,6.5763e-06,J2000,,2.611,-120458646400.00002,0.053,610.9657664,N,N,8.2495e-09,,9206898230.654604,2000031.0,1.3069e-05,4.4181e-06,2047.295511344025,a0000031,,57576.0,,131.7427491387962,5.60518962722526,5.6483e-10,20190427.0,94.0,6.7571e-09,8.1041e-06,,3.157e-08,0.0,5.53,,,2018-06-15,6.74,143323883195.26123,,C,2458600.5,2068.0,1.56992,,Cb,0.2208570249741424,1.110887675,20171217.2863745,31.0,MBA,0.317,3.155402303606389,3.011,31.11857287198513,87.1671452430197,Euphrosyne,26.30334453020525,2458104.7863744646,,0.687,Cb,2.458509538235326,61.47039172544061,1.95722,0.1758417375533951,9.7316e-06,1860-10-25,,9.9521e-08,,
0.00014114,80.76,58600.0,2.797921576038474,Otto Matic,0.576,,2644.112256161294,,,,,32 Pomona,,7.7589e-06,J2000,,1.6,-6.848111638758519e+17,0.2564,535.9026568,N,N,9.5142e-09,,6.023525326876642e-39,2000032.0,6.0573e-05,5.011e-06,1521.152075797587,a0000032,,56404.0,,1.8685161360869085e-49,4.16468740807005,1.2071e-09,20190427.0,102.0,8.8021e-09,5.1751e-05,,4.7501e-08,0.0,9.448,,,2018-06-12,7.56,9.342580680434543e-38,,S,2458600.5,2019.0,1.37704,,S,0.08090136585501478,,20181213.120259,32.0,MBA,0.429,2.588507762523976,3.41,220.4415433252172,31.92100747154975,Pomona,5.52395114567172,2458465.620258953,,0.857,S,2.379093949009478,339.5358021476744,2.16968,0.2366627280255597,3.3449e-05,1864-01-07,,1.2438e-07,,
3.9181e-05,52.929,58600.0,3.825564411683816,Otto Matic,0.50179,,2641.999973309342,,,,,33 Polyhymnia,,7.3926e-06,J2000,,2.304,-45446000000.0,0.24,355.62665936,N,N,1.0597e-08,,3.994187911038154e-46,2000033.0,0.00013504,4.7797e-06,1779.119613898764,a0000033,,59289.0,,1.2400000000000004e-56,4.87096403531489,8.4079e-10,20190427.0,36.0,7.9598e-09,0.00013494,,4.3212e-08,0.0,18.608,,0.33,2018-05-24,8.55,6.200000000000001e-45,,S,2458600.5,2643.0,0.913808,,Sq,0.3313463077354283,0.41372600000000004,20190724.8789899,33.0,MBA,0.438,2.873455531033817,3.212,8.466331743752677,342.0155788867866,Polyhymnia,1.85284483400156,2458689.378989853,,0.848,Sq,1.921346650383817,338.3718756928444,1.60077,0.2023472717559983,7.8956e-06,1856-01-25,,1.2316e-07,,
7.4703e-05,132.992,58600.0,2.972106435159879,Otto Matic,0.50264,,2642.0480885927236,,,,,34 Circe,,5.2452e-06,J2000,,1.033,-26221473900.000004,0.052,550.4225895,N,N,6.4586e-09,,2024495336.6779149,2000034.0,3.9926e-05,2.5556e-06,1609.136458751706,a0000034,,56388.0,,132.1224044296362,4.40557552019632,7.2925e-10,20190427.0,73.0,5.8399e-09,3.6166e-05,,2.2977e-08,0.0,12.15,,,2018-09-16,8.51,31424767137.517494,,C,2458600.5,2919.0,1.41435,,Ch,0.1059480469491282,0.24323085,20171007.7316237,34.0,MBA,0.357,2.687383411326365,3.359,184.3612972478401,126.6869657584461,Circe,5.496016832467634,2458034.2316237483,,0.707,Ch,2.402660387492852,330.6761508668944,2.02034,0.2237224804907294,1.6744e-05,1864-04-28,,6.1518e-08,,
5.0188e-05,103.055,58600.0,3.669499006526438,Otto Matic,0.48,,2637.3940840296746,,,,,35 Leukothea,,6.8793e-06,J2000,,1.201,-7.111389915598152e+17,0.066,513.6966166,N,N,8.8934e-09,,5.480857141239609e+16,2000035.0,2.7436e-05,4.056e-06,1892.307675285515,a0000035,,57933.0,,131.88970420148374,5.18085605827656,6.9161e-10,20190427.0,45.0,7.2564e-09,2.615e-05,,3.2032e-08,0.0,31.9,,,2018-10-22,8.5,8.522548083071795e+17,,C,2458600.5,2850.0,1.31998,,C,0.2255881648204197,,20210526.8641055,35.0,MBA,0.335,2.994071835757417,3.202,353.7389414640166,215.2502420359021,Leukothea,7.932712232712857,2459361.364105531,,0.703,C,2.318644664988396,213.3967282344543,1.34373,0.1902439041503558,9.2964e-06,1860-03-11,,9.5956e-08,,
4.6192e-05,115.204,58600.0,3.58434727321547,Otto Matic,0.43161,,2643.891981870346,,,,,36 Atalante,,9.1846e-06,J2000,,0.532,-31077302400.000004,0.036,373.31793839,N,N,1.3199e-08,,2401076430.269096,2000036.0,1.5981e-05,6.2284e-06,1662.817861492557,a0000036,,55737.0,,132.2145990935173,4.55254719094471,1.1958e-09,20190427.0,85.0,1.0115e-08,1.3763e-05,,5.5768e-08,0.0,9.93,,,2018-09-16,8.46,37244168459.27999,,C,2458600.5,1581.0,0.959267,,,0.3049060481774665,0.2882736,20200130.3879258,36.0,MBA,0.363,2.746824017117285,3.208,358.210018062591,299.7290252912392,Atalante,18.36926257928841,2458878.8879257645,,0.713,C,1.9093007610191,47.7965450061272,2.09381,0.2164999596990505,9.7532e-06,1866-02-08,,1.5205e-07,,
5.4636e-05,108.35,58600.0,3.106281872890079,Otto Matic,0.49653,,2643.7897757021665,,,,,37 Fides,,4.437e-06,J2000,,1.9,-1.653745394755008e+18,0.1826,464.8324314,N,N,5.8569e-09,,1.4544392510350763e-38,2000037.0,7.6252e-05,4.0851e-06,1568.7997031771,a0000037,,59544.0,,4.512265742851318e-49,4.29513950219603,6.4901e-10,20190427.0,118.0,4.982e-09,7.5318e-05,,3.4435e-08,0.0,7.3335,,0.24,2018-10-16,7.29,2.256132871425659e-37,,S,2458600.5,2466.0,1.19442,,S,0.1756051535037853,,20190716.4335004,37.0,MBA,0.414,2.642283307139379,3.37,7.269082946030829,341.5425384814108,Fides,3.070809532738653,2458680.9335004217,,0.843,S,2.178284741388679,62.84351130873574,2.19184,0.2294748011941458,1.2522e-05,1855-10-07,,9.157e-08,,
6.4865e-05,92.255,58600.0,3.164022584715411,Otto Matic,0.47099,,2641.406061379369,,,,,38 Leda,,6.6502e-06,J2000,,0.49,-41076712200.0,0.055,518.4989744,N,N,8.4701e-09,,3170660982.916015,2000038.0,3.551e-05,4.3111e-06,1656.130923277772,a0000038,,59436.0,,132.09030306896847,4.53423935188986,8.7287e-10,20190427.0,101.0,7.3336e-09,3.3216e-05,,3.995e-08,0.0,12.838,,,2018-10-22,8.32,49227824514.46499,,C,2458600.5,2187.0,1.33232,,Cgh,0.1549825297322227,0.38102830000000004,20190404.3261097,38.0,MBA,0.419,2.739454929633416,3.322,295.7200240934729,4.928716916433141,Leda,6.970975213382268,2458577.8261097297,,0.726,Cgh,2.314887274551421,169.3124247893297,1.97467,0.2173741187607904,1.4109e-05,1856-01-29,,1.0961e-07,,
8.8558e-05,179.484,58600.0,3.078030446993401,Otto Matic,0.3993,,2640.331088661697,,,,,39 Laetitia,,4.6683e-06,J2000,,1.685,-32208020000.000004,0.269,569.0249155,N,N,5.6909e-09,,2.828931531898854e-46,2000039.0,2.8059e-05,3.9284e-06,1683.28598732062,a0000039,,59373.0,,8.788000000000003e-57,4.6085858653542,5.9312e-10,20190427.0,102.0,5.1202e-09,2.1953e-05,,3.6027e-08,0.0,5.138,,,2018-09-19,6.0,4.394000000000001e-45,,S,2458600.5,5712.0,1.46215,,S,0.1114755763997384,0.29321162,20200125.3034169,39.0,MBA,0.494,2.769319013705793,3.305,156.9531003287243,301.5493084108223,Laetitia,10.36898115247046,2458873.803416948,,0.898,S,2.460607580418185,209.1324646027803,2.37343,0.2138674014467572,1.8886e-05,1856-02-28,,9.9147e-08,,
0.00012318,111.251,58600.0,2.373855461734438,Otto Matic,0.42036,,2652.1584711331325,,,,,40 Harmonia,,2.2569e-06,J2000,,0.391,-1.7901675110697533e+18,0.22,452.0559803,N,N,2.8643e-09,,1.579403737069029e-38,2000040.0,5.7164e-05,3.2256e-06,1246.942830846745,a0000040,,56235.0,,4.884495255306285e-49,3.41394341094249,5.2253e-10,20190427.0,113.0,2.7357e-09,4.5087e-05,,3.0362e-08,0.0,8.91,,,2018-09-15,7.0,2.4422476276531426e-37,,S,2458600.5,5019.0,1.16159,,S,0.0470213280628561,,20180419.562619,40.0,MBA,0.432,2.26724651934877,3.61,94.18885502985238,107.5249432813363,Harmonia,4.257400612736195,2458228.0626189946,,0.854,S,2.160637576963103,269.7316206155986,2.79762,0.2887060987034502,3.5594e-05,1864-09-27,,6.9049e-08,,
3.1068e-05,205.495,58600.0,3.52071192557208,Otto Matic,0.46648,,2642.950663355336,,,,,41 Daphne,,5.3244e-06,J2000,,1.881,-45393004200.0,0.059,399.4168461,N,N,7.4601e-09,,3505879180.5989966,2000041.0,1.0455e-05,2.0372e-06,1675.195855271109,a0000041,,55618.0,,132.1675331677668,4.58643629095444,6.8304e-10,20190427.0,123.0,5.8492e-09,9.1501e-06,,1.9625e-08,0.0,5.988,,0.1,2018-10-22,7.12,54400625689.36499,,C,2458600.5,2298.0,1.02633,,Ch,0.2754175325025016,0.4210663,20170809.8299409,41.0,MBA,0.363,2.760438707992415,3.233,178.0867370371358,134.3491989737481,Daphne,15.79210053717995,2457975.3299408895,,0.726,Ch,2.00016549041275,45.89572754287956,1.56613,0.2149002451666994,7.0486e-06,1866-07-13,,5.478e-08,,
3.8657e-05,110.997,58600.0,2.985771598081217,Otto Matic,0.56217,,2649.2155045646086,,,,,42 Isis,,3.3313e-06,J2000,,1.378,-13355600000.000002,0.139,350.07553848,N,N,4.7582e-09,,521523841.0904565,2000042.0,2.3623e-05,3.7538e-06,1393.598982745716,a0000042,,59291.0,,132.4769218948971,3.81546607185685,6.1751e-10,20190427.0,100.0,3.8911e-09,2.2205e-05,,3.0355e-08,0.0,13.59,,,2018-10-20,7.53,8073333333.333334,,S,2458600.5,2495.0,0.899544,,L,0.2228231537164217,0.15392386666666666,20201223.160278,42.0,MBA,0.462,2.441703519439272,3.452,84.19733886359604,203.4142800216191,Isis,8.514620995668592,2459206.6602779846,,0.874,L,1.897635440797327,237.3054322303076,2.35747,0.2583239543492746,9.7838e-06,1856-06-20,,7.3847e-08,,
4.5677e-05,71.34,58600.0,2.574368117875185,Otto Matic,0.54119,,2654.817407937676,,,,,43 Ariadne,,3.3262e-06,J2000,,1.254,-9309100000.0,0.234,317.5082362,N,N,4.7783e-09,,8.221335513163431e-47,2000043.0,6.9083e-05,4.2779e-06,1194.704902460351,a0000043,,56325.0,,2.5400000000000007e-57,3.27092375759165,8.3894e-10,20190427.0,107.0,4.0899e-09,6.7921e-05,,3.6704e-08,0.0,5.76218,,0.11,2018-10-20,7.93,1.2700000000000004e-45,,S,2458600.5,2320.0,0.81586,,Sk,0.1683218590475488,0.0847471,20180124.2071106,43.0,MBA,0.49,2.203475093733064,3.642,264.8102088522743,137.946567266204,Ariadne,3.471398985268536,2458142.707110582,,0.863,Sk,1.832582069590942,16.27151735854157,2.55396,0.3013296415362684,1.3914e-05,1864-08-03,,8.1157e-08,,
4.8358e-05,70.64,58600.0,2.781935005914906,Otto Matic,0.5456,,2648.685143044505,,,,,44 Nysa,,3.312e-06,J2000,,4.0,6.617183327355739e+17,0.482,421.0585898,N,N,4.4575e-09,,3284550796030634.5,2000044.0,5.7474e-05,3.8719e-06,1378.001905372359,a0000044,,56272.0,,132.45425715222527,3.77276360129325,6.279e-10,20190427.0,113.0,3.8831e-09,5.6191e-05,,3.4692e-08,0.0,6.422,,0.46,2018-03-27,7.03,5.085593609284949e+16,,E,2458600.5,2520.0,1.08194,,Xc,0.1479228969520967,,20180614.4090357,44.0,MBA,0.245,2.423451098763994,3.494,131.5475553197488,82.7087006986245,Nysa,3.70655325469274,2458283.9090356845,,0.703,Xc,2.064967191613082,343.3326793195108,2.30904,0.2612478245468913,1.2682e-05,1864-03-02,,8.3963e-08,,
9.4547e-05,202.327,58600.0,2.950629532441512,Otto Matic,0.48129,,2641.16195691253,,,,,45 Eugenia,,5.7392e-06,J2000,,2.168,-41939970600.0,0.045,580.096802,N,N,6.8867e-09,,3236995665.663421,2000045.0,3.8528e-05,3.4351e-06,1639.317738991549,a0000045,,55608.0,,132.0780978456265,4.48820736205763,7.6882e-10,20190427.0,102.0,6.3505e-09,3.2498e-05,,3.4073e-08,0.0,5.699,,0.07,2018-08-18,7.46,50262384749.44499,,FC,2458600.5,3208.0,1.4906,,C,0.08443837415752818,0.3890359,20181103.2996272,45.0,MBA,0.274,2.720882627132943,3.344,147.6084190186866,38.36482257664071,Eugenia,6.603526557194116,2458425.7996272133,,0.676,C,2.491135721824373,88.16802085724791,2.06419,0.219603553013133,2.0782e-05,1866-05-19,,9.4516e-08,,
5.3985e-05,112.414,58600.0,2.960229668750411,Otto Matic,0.51763,,2646.4423544322317,,,,,46 Hestia,,3.8992e-06,J2000,,0.737,91496218000.0,0.046,422.9149307,N,N,5.2482e-09,,453772383.94843274,2000046.0,9.2129e-05,3.2783e-06,1466.202263921116,a0000046,,56445.0,,132.3361814873716,4.0142430223713,6.5296e-10,20190427.0,150.0,4.478e-09,9.1359e-05,,3.1351e-08,0.0,21.04,,0.06,2018-10-20,8.36,7031882880.0,,P,2458600.5,3096.0,1.08671,,Xc,0.1720022202594139,0.42573740000000004,20180716.3106601,46.0,MBA,0.226,2.525788447819822,3.432,181.0874890750122,69.90042565757008,Hestia,2.349674618747845,2458315.810660144,,0.692,Xc,2.091347226889234,177.4171717153729,2.48559,0.2455322903657503,1.3314e-05,1864-04-05,,7.9026e-08,,
8.6874e-05,168.174,58600.0,3.255459887799041,Otto Matic,0.48926,,2638.218150266983,,,,,47 Aglaja,,8.0036e-06,J2000,,1.222,-20438386500.000004,0.082,582.4357137,N,N,9.7229e-09,,2226103228.282078,2000047.0,4.4326e-05,4.1446e-06,1786.53038123368,a0000047,,57949.0,,131.93090751334915,4.89125361049604,9.0275e-10,20190427.0,107.0,8.6058e-09,4.1059e-05,,3.1739e-08,0.0,13.178,,0.16,2018-10-22,7.84,34604342441.987495,,C,2458600.5,2454.0,1.49661,,B,0.1298072633057685,0.26858825000000003,20180810.5618941,47.0,MBA,0.3,2.881429420336441,3.276,3.08137869887515,52.27883001380334,Aglaja,4.975208194905542,2458341.061894125,,0.665,B,2.50739895287384,314.6873037280166,2.04817,0.2015079081674523,1.7573e-05,1860-02-24,,9.2933e-08,,
0.00013288,216.473,58600.0,3.335394946383645,Otto Matic,0.53516,,2633.5365313400835,,,,,48 Doris,,8.2975e-06,J2000,,4.757,-48270532200.00001,0.065,742.6881363,N,N,9.2097e-09,,3714842429.771509,2000048.0,3.8604e-05,3.1238e-06,2003.35292010314,a0000048,,57942.0,,131.6968265670042,5.48488136920778,7.4428e-10,20190427.0,167.0,8.5876e-09,3.0257e-05,,3.0349e-08,0.0,11.89,,,2018-10-18,6.9,57849159805.96499,,CG,2458600.5,2594.0,1.90839,,Ch,0.07244388040008176,0.4477583,20180405.9383794,48.0,MBA,0.442,3.110088096301463,3.205,183.5539771494624,69.37478764636703,Doris,6.547416488631697,2458214.438379409,,0.716,Ch,2.884781246219282,253.0539222319485,1.88458,0.1796987422373217,2.3888e-05,1860-02-27,,9.5001e-08,,
5.433e-05,166.252,58600.0,3.794573874353055,Otto Matic,0.55155,,2635.34126395298,,,,,49 Pales,,8.5152e-06,J2000,,2.166,-40875285240.0,0.048,554.4232571,N,N,1.0779e-08,,3147868789.316971,2000049.0,7.5503e-05,3.8655e-06,1998.482750573643,a0000049,,56433.0,,131.78706319764902,5.47154757172798,7.6753e-10,20190427.0,77.0,8.8201e-09,7.4924e-05,,3.7623e-08,0.0,20.705,,,2018-05-24,7.8,48986427126.30299,,CG,2458600.5,2374.0,1.42463,,Ch,0.2220670299184078,0.37915986,20210217.6666907,49.0,MBA,0.411,3.105045616529236,3.18,285.0858222402223,240.6294382114604,Pales,3.195214970048808,2459263.166690724,,0.749,Ch,2.415517358705417,112.2986721667086,1.65899,0.1801366561190813,9.5657e-06,1863-11-20,,1.1374e-07,,
3.175e-05,84.074,58600.0,3.406310555742179,Otto Matic,0.51391,,2645.5618352073348,,,,,50 Virginia,,4.069e-06,J2000,,0.242,-20142696000.0,0.05,346.91469974,N,N,5.8683e-09,,1557236154.413496,2000050.0,7.4281e-05,3.586e-06,1574.601517453948,a0000050,,58655.0,,132.29809176036676,4.31102400398069,5.9081e-10,20190427.0,106.0,4.5633e-09,7.4024e-05,,2.9601e-08,0.0,14.315,,,2018-05-23,9.24,24139738816.199997,,X,2458600.5,2640.0,0.891422,,Ch,0.2859855278797714,0.186844,20170602.9156799,50.0,MBA,0.347,2.648793848682129,3.33,173.528727343488,158.4593641428413,Virginia,2.838219805076201,2457907.415679905,,0.703,Ch,1.891277141622079,200.0805747098362,2.05358,0.2286292728728612,7.5106e-06,1857-10-19,,7.8155e-08,,
